user_id,starts_at,ends_at,created_at,updated_at,canceled_at,join_at
3119140,2023-01-02,2023-03-03,2023-01-03 02:12:37,2023-03-04 00:00:18,2023-02-09,2023-10-10 05:49:30
2921015,2023-01-04,2023-02-04,2023-01-04 07:02:52,2023-02-05 00:00:16,2023-01-09,2023-03-31 00:17:45
4501997,2023-01-10,2023-05-11,2023-01-11 03:11:23,2023-05-12 00:00:07,,2023-08-10 00:51:44
845586,2023-01-15,2023-02-15,2023-01-15 12:46:50,2023-02-16 00:00:17,2023-01-15,2023-04-20 10:00:47
4465860,2023-01-19,2023-12-20,2023-01-20 01:20:09,2023-11-21 00:00:11,,2023-07-30 10:01:48
3049607,2023-01-20,2023-02-20,2023-01-20 18:02:02,2023-02-21 00:00:37,2023-01-25,2023-09-07 20:16:10
646567,2023-01-22,2024-01-22,2023-01-22 10:58:23,2023-01-22 10:58:23,,2023-08-30 13:40:25
2504058,2023-01-26,2023-03-26,2023-01-26 13:17:59,2023-03-27 00:00:25,2023-03-08,2023-10-18 10:55:21
207621,2023-01-27,2023-04-27,2023-01-27 23:36:09,2023-04-28 00:00:14,2023-04-02,2023-05-09 23:42:39
515829,2023-01-29,2023-02-28,2023-01-29 14:19:56,2023-03-01 00:02:05,2023-02-06,2023-04-22 18:24:32
4900261,2023-02-01,2024-02-01,2023-02-01 10:40:29,2023-02-01 10:40:29,,2023-10-26 20:16:57
494623,2023-02-02,2023-04-03,2023-02-03 02:39:06,2023-04-04 00:00:19,2023-03-07,2023-05-14 09:34:15
570138,2023-02-03,2023-11-04,2023-02-04 06:52:23,2023-11-05 00:00:20,2023-10-12,2023-07-20 00:23:18
2615393,2023-02-07,2023-06-07,2023-02-07 13:45:56,2023-06-08 00:00:27,,2023-09-30 21:37:10
1775011,2023-02-08,2023-03-09,2023-02-09 01:34:42,2023-03-10 00:00:16,2023-03-06,2023-03-06 08:03:58
964958,2023-02-10,2023-06-10,2023-02-10 08:31:37,2023-06-11 00:00:08,2023-05-16,2023-04-22 13:10:39
4849034,2023-02-12,2023-06-12,2023-02-12 07:56:47,2023-06-13 00:00:12,2023-05-17,2023-05-05 18:16:19
4898248,2023-02-12,2023-04-12,2023-02-12 13:06:13,2023-04-13 00:00:20,2023-04-06,2023-10-14 08:18:31
2715324,2023-02-13,2023-04-13,2023-02-13 08:53:30,2023-04-14 00:00:08,2023-03-25,2023-01-16 18:30:58
714871,2023-02-13,2024-01-13,2023-02-13 19:29:17,2023-12-14 00:00:08,,2023-09-19 22:58:30
1427521,2023-02-14,2023-10-15,2023-02-15 05:49:49,2023-10-16 00:00:11,,2023-08-06 16:19:36
687698,2023-02-18,2023-03-18,2023-02-18 09:43:28,2023-03-19 00:00:15,2023-03-17,2023-06-02 19:44:05
3446806,2023-02-27,2023-05-28,2023-02-28 01:00:49,2023-05-29 00:00:28,,2023-11-21 07:24:16
866981,2023-03-02,2023-04-02,2023-03-02 20:42:41,2023-04-03 00:00:32,2023-03-02,2023-04-18 22:10:54
425382,2023-03-03,2023-05-04,2023-03-04 05:39:33,2023-05-05 00:00:29,,2023-11-11 13:18:38
1714540,2023-03-08,2023-04-09,2023-03-09 01:07:50,2023-04-10 00:00:22,2023-03-09,2023-06-05 13:49:48
2822264,2023-03-09,2024-01-09,2023-03-09 19:18:27,2023-12-10 00:00:13,,2023-11-10 17:37:16
1391494,2023-03-09,2023-05-09,2023-03-09 23:29:05,2023-05-10 00:00:33,2023-04-14,2023-05-22 16:23:07
3860680,2023-03-09,2023-06-10,2023-03-10 00:49:29,2023-06-11 00:00:11,2023-05-16,2023-08-22 22:25:12
3360614,2023-03-11,2023-05-11,2023-03-11 07:34:47,2023-05-12 00:00:15,2023-04-17,2023-10-03 15:50:23
2803490,2023-03-12,2023-04-12,2023-03-12 07:01:11,2023-04-13 00:00:24,,2023-10-26 02:44:28
560683,2023-03-13,2023-12-13,2023-03-13 09:20:51,2023-12-14 00:00:09,2023-11-14,2023-04-09 22:35:39
4444251,2023-03-13,2024-03-14,2023-03-14 02:19:04,2023-03-14 02:19:04,,2023-07-18 08:52:31
2466226,2023-03-13,2023-11-14,2023-03-14 05:19:53,2023-11-15 00:00:13,,2023-06-10 02:10:19
3263662,2023-03-14,2023-07-14,2023-03-14 19:16:37,2023-07-15 00:00:13,2023-07-04,2023-04-11 08:33:20
3504089,2023-03-14,2023-08-14,2023-03-14 20:57:25,2023-08-15 00:00:13,2023-08-02,2023-10-17 05:10:51
3150412,2023-03-18,2024-01-18,2023-03-18 15:39:32,2023-12-19 00:00:13,,2023-05-25 11:32:27
338881,2023-03-20,2023-05-20,2023-03-20 11:07:21,2023-05-21 00:00:36,,2023-10-16 08:20:15
1153497,2023-03-20,2023-07-21,2023-03-21 00:52:46,2023-07-22 00:00:12,,2023-10-30 11:18:05
1053098,2023-03-22,2023-10-22,2023-03-22 09:51:42,2023-10-23 00:00:09,,2023-03-11 22:52:11
2929777,2023-03-22,2024-03-23,2023-03-23 04:15:33,2023-03-23 04:15:33,,2023-03-20 16:42:25
120282,2023-03-23,2023-04-24,2023-03-24 04:03:47,2023-04-25 00:00:27,2023-04-19,2023-05-11 16:49:39
788664,2023-03-23,2023-12-24,2023-03-24 04:19:26,2023-11-25 00:00:21,,2023-05-10 20:12:42
3700169,2023-03-24,2023-04-24,2023-03-24 11:03:13,2023-04-25 00:00:33,2023-03-24,2023-10-29 19:07:26
2082968,2023-03-25,2023-07-25,2023-03-25 10:00:48,2023-07-26 00:00:13,,2023-09-18 01:06:52
3627517,2023-03-28,2023-04-29,2023-03-29 06:26:04,2023-04-30 00:00:07,2023-03-28,2023-08-03 10:00:37
1482784,2023-03-30,2023-05-30,2023-03-30 08:26:46,2023-05-31 00:00:05,,2023-04-05 01:47:52
1623906,2023-04-01,2024-04-01,2023-04-01 19:02:53,2023-04-01 19:02:53,,2023-10-08 16:26:52
4373902,2023-04-05,2023-08-05,2023-04-05 09:58:52,2023-08-06 00:00:17,2023-07-25,2023-06-13 13:16:19
1063160,2023-04-08,2023-07-09,2023-04-09 03:12:30,2023-07-10 00:00:19,2023-06-25,2023-01-18 14:29:03
1259698,2023-04-11,2024-01-11,2023-04-11 10:26:56,2023-12-12 00:00:12,,2023-10-30 20:03:26
402208,2023-04-12,2023-05-12,2023-04-12 22:27:39,2023-05-13 00:00:47,2023-05-05,2023-05-28 14:46:54
1206956,2023-04-13,2023-07-13,2023-04-13 11:32:22,2023-07-14 00:00:12,,2023-04-01 17:43:46
3044574,2023-04-14,2023-05-14,2023-04-14 08:55:50,2023-05-15 00:00:26,2023-04-14,2023-07-26 05:17:28
4600028,2023-04-15,2024-01-15,2023-04-15 21:20:10,2023-12-16 00:00:22,,2023-09-12 00:27:35
1603205,2023-04-16,2024-04-17,2023-04-17 05:46:06,2023-04-17 05:46:06,,2023-08-18 17:59:11
3414633,2023-04-17,2023-05-18,2023-04-18 02:38:40,2023-05-19 00:00:23,,2023-05-02 13:13:17
2484061,2023-04-18,2023-09-18,2023-04-18 09:52:16,2023-09-19 00:00:11,,2023-08-31 08:29:36
237868,2023-04-23,2023-06-23,2023-04-23 13:01:11,2023-06-24 00:00:27,,2023-08-09 13:49:42
563966,2023-04-27,2023-05-27,2023-04-27 08:39:41,2023-05-28 00:01:04,2023-04-27,2023-04-22 20:09:17
1567507,2023-04-27,2023-08-27,2023-04-27 12:58:51,2023-08-28 00:12:09,,2023-04-20 08:01:18
3941602,2023-04-27,2023-12-28,2023-04-28 01:43:45,2023-11-29 00:00:36,,2023-11-07 14:25:34
4275576,2023-04-27,2023-06-28,2023-04-28 02:00:04,2023-06-29 00:00:54,,2023-10-24 23:57:36
1030498,2023-04-27,2023-09-28,2023-04-28 03:25:34,2023-09-29 00:00:29,,2023-08-01 16:07:13
1881360,2023-04-27,2023-06-28,2023-04-28 04:36:05,2023-06-29 00:01:07,,2023-04-25 19:49:20
3610290,2023-04-27,2023-06-28,2023-04-28 05:10:12,2023-06-29 00:01:11,,2023-08-30 21:32:55
3764233,2023-04-28,2023-12-29,2023-04-29 01:18:45,2023-11-30 00:00:09,,2023-06-19 09:34:53
2447794,2023-04-28,2023-08-29,2023-04-29 04:06:57,2023-08-30 00:14:07,2023-08-17,2023-10-02 19:36:34
1143981,2023-04-29,2023-06-29,2023-04-29 08:37:56,2023-06-30 00:00:45,,2023-09-22 09:14:16
2477066,2023-04-29,2023-06-29,2023-04-29 09:15:38,2023-06-30 00:00:48,,2023-04-18 21:42:28
3570490,2023-04-29,2024-04-29,2023-04-29 09:34:29,2023-04-29 09:34:29,,2023-09-15 04:30:17
1718219,2023-04-29,2023-09-29,2023-04-29 09:38:31,2023-09-30 00:00:24,,2023-09-11 23:36:36
4566318,2023-04-30,2023-05-30,2023-04-30 14:36:02,2023-05-31 00:00:47,2023-05-14,2023-08-22 09:15:28
47244,2023-04-30,2024-01-01,2023-05-01 00:13:41,2023-12-02 00:00:21,,2023-10-09 01:58:36
3204430,2023-04-30,2024-05-01,2023-05-01 03:57:34,2023-05-01 03:57:34,,2023-03-21 03:10:14
3627517,2023-04-30,2023-07-01,2023-05-01 06:14:54,2023-07-02 00:00:50,2023-06-06,2023-08-03 10:00:37
980247,2023-05-01,2023-09-01,2023-05-01 07:10:22,2023-09-02 00:00:38,,2023-07-20 09:44:55
3984049,2023-05-01,2023-11-01,2023-05-01 09:22:33,2023-11-02 00:00:53,2023-10-16,2023-05-06 04:02:44
3855899,2023-05-01,2023-06-02,2023-05-02 06:52:44,2023-06-03 00:00:31,2023-05-15,2023-10-11 06:20:12
2441619,2023-05-02,2023-08-02,2023-05-02 21:27:07,2023-08-03 00:00:33,,2023-10-20 07:11:00
1869184,2023-05-03,2023-06-03,2023-05-03 16:14:02,2023-06-04 00:00:51,2023-06-01,2023-06-01 16:40:51
1130966,2023-05-04,2023-06-04,2023-05-04 15:56:48,2023-06-05 00:00:47,2023-05-04,2023-06-26 00:16:24
467164,2023-05-04,2024-05-04,2023-05-04 20:36:23,2023-05-04 20:36:23,,2023-09-02 03:46:05
1332547,2023-05-05,2023-06-06,2023-05-06 01:18:41,2023-06-07 00:00:36,,2023-04-27 14:31:18
2521583,2023-05-06,2023-06-07,2023-05-07 02:20:17,2023-06-08 00:00:43,2023-06-02,2022-11-28 00:14:14
4530162,2023-05-06,2024-05-07,2023-05-07 05:35:54,2023-05-10 22:42:59,2023-05-10,2023-07-11 10:26:32
2787557,2023-05-07,2023-07-07,2023-05-07 14:17:56,2023-07-08 00:00:34,2023-07-03,2023-08-11 20:40:33
2166399,2023-05-08,2023-06-08,2023-05-08 15:12:17,2023-06-09 00:00:31,2023-05-08,2023-10-20 13:16:19
1137120,2023-05-08,2023-07-08,2023-05-08 23:59:18,2023-07-09 00:00:36,2023-06-30,2023-06-06 04:11:26
4647255,2023-05-09,2023-09-09,2023-05-09 08:15:43,2023-09-10 00:00:22,2023-08-09,2023-11-14 11:31:44
1655270,2023-05-09,2023-08-10,2023-05-10 05:46:09,2023-08-11 00:00:13,2023-07-11,2023-08-15 15:00:36
1558476,2023-05-10,2023-06-10,2023-05-10 11:43:23,2023-06-11 00:00:31,,2023-05-14 16:17:34
3624025,2023-05-10,2023-06-10,2023-05-10 16:12:04,2023-06-11 00:00:33,2023-06-03,2023-10-29 23:11:31
343811,2023-05-15,2023-06-15,2023-05-15 20:21:26,2023-06-16 00:00:40,2023-06-07,2023-10-13 19:30:45
1056435,2023-05-15,2023-06-16,2023-05-16 04:21:56,2023-06-17 00:00:37,2023-06-01,2023-09-04 15:03:34
2800221,2023-05-16,2023-06-16,2023-05-16 11:08:33,2023-06-17 00:00:40,2023-05-17,2023-06-30 16:55:59
987148,2023-05-16,2024-05-16,2023-05-16 22:38:57,2023-05-16 22:38:57,,2023-09-08 20:58:42
2725076,2023-05-16,2024-05-17,2023-05-17 04:49:57,2023-05-17 05:12:50,2023-05-17,2023-08-30 09:21:53
2261038,2023-05-19,2023-08-19,2023-05-19 21:05:38,2023-08-20 00:05:10,,2023-03-24 17:56:53
2766922,2023-05-20,2023-10-20,2023-05-20 11:36:29,2023-10-21 00:00:37,2023-10-01,2023-09-26 04:07:46
4246764,2023-05-20,2024-05-20,2023-05-20 20:18:47,2023-05-23 01:55:23,2023-05-23,2023-05-02 07:23:46
4391262,2023-05-22,2023-12-23,2023-05-23 03:58:23,2023-11-24 00:00:31,,2023-06-01 15:30:36
101073,2023-05-23,2023-10-23,2023-05-23 12:20:29,2023-10-24 00:00:38,,2023-08-19 09:15:32
1913737,2023-05-23,2023-12-23,2023-05-23 18:58:59,2023-11-24 00:00:34,,2023-10-13 16:23:20
1533001,2023-05-25,2024-05-25,2023-05-25 17:55:32,2023-05-25 17:55:32,,2023-11-09 20:59:33
3985897,2023-05-31,2023-06-30,2023-05-31 21:46:33,2023-07-01 00:01:23,,2023-08-03 15:05:51
1949293,2023-06-01,2024-01-01,2023-06-01 18:53:25,2023-12-02 00:00:51,,2023-08-20 22:48:52
3716861,2023-06-02,2024-01-02,2023-06-02 12:27:02,2023-12-03 00:00:42,,2023-07-21 12:29:44
4938940,2023-06-02,2024-01-03,2023-06-03 06:37:47,2023-12-04 00:00:51,,2023-10-01 02:46:27
2648628,2023-06-07,2023-09-07,2023-06-07 11:44:51,2023-09-08 00:00:30,,2023-05-30 14:13:29
2172508,2023-06-07,2024-01-07,2023-06-07 23:46:25,2023-12-09 21:56:49,2023-12-09,2023-07-11 02:01:30
1130966,2023-06-09,2024-06-10,2023-06-10 02:50:07,2023-06-10 02:50:07,,2023-06-26 00:16:24
3752423,2023-06-10,2023-08-10,2023-06-10 14:03:12,2023-08-11 00:00:21,,2023-06-12 10:44:11
2936623,2023-06-10,2024-06-11,2023-06-11 06:39:12,2023-06-11 06:39:12,,2023-03-21 00:14:16
2387271,2023-06-11,2024-01-12,2023-06-12 02:45:08,2023-12-13 00:00:33,,2023-06-20 22:15:29
1812858,2023-06-11,2023-08-12,2023-06-12 04:17:21,2023-08-13 00:00:34,,2023-08-16 10:40:36
3421897,2023-06-13,2024-06-13,2023-06-13 08:14:40,2023-06-13 08:14:40,,2023-03-20 03:18:57
3805864,2023-06-13,2024-06-13,2023-06-13 17:56:22,2023-06-13 17:56:22,,2023-06-22 18:47:37
4519806,2023-06-15,2023-11-16,2023-06-16 03:00:31,2023-11-17 00:00:20,,2023-08-31 10:43:40
4666843,2023-06-16,2024-01-16,2023-06-16 08:23:45,2023-12-17 00:00:24,,2023-11-12 09:25:18
3230920,2023-06-16,2023-08-16,2023-06-16 15:17:45,2023-08-17 00:01:13,,2023-10-19 21:22:50
3660664,2023-06-18,2023-07-18,2023-06-18 14:50:16,2023-07-19 00:00:44,2023-06-18,2023-11-14 19:45:03
3000175,2023-06-19,2023-12-19,2023-06-19 08:18:41,2023-11-20 00:00:35,,2023-10-06 11:48:54
4979609,2023-06-19,2024-07-20,2023-06-20 01:39:38,2023-07-21 00:00:44,,2023-06-06 20:45:13
2541143,2023-06-19,2024-06-20,2023-06-20 04:24:18,2023-08-22 14:04:49,2023-08-22,2023-05-21 10:28:41
4967353,2023-06-21,2023-09-22,2023-06-22 06:48:32,2023-09-24 00:00:36,,2023-07-05 21:37:13
1683023,2023-06-22,2023-07-22,2023-06-22 16:46:17,2023-07-23 00:00:39,2023-06-22,2023-06-27 16:30:23
2161156,2023-06-23,2023-12-23,2023-06-23 08:11:42,2023-11-24 00:00:46,,2023-07-06 08:00:07
1545266,2023-06-23,2023-11-23,2023-06-23 22:29:06,2023-11-24 00:00:58,2023-10-25,2023-02-27 13:38:04
4494862,2023-06-25,2023-12-25,2023-06-25 09:21:51,2023-11-26 00:00:21,,2023-05-09 11:40:02
849363,2023-06-26,2023-07-26,2023-06-26 12:59:08,2023-07-27 00:00:43,2023-06-26,2023-07-24 03:30:49
1121225,2023-06-26,2023-08-26,2023-06-26 22:16:11,2023-08-27 00:11:40,2023-07-28,2023-08-02 15:54:03
1809414,2023-06-26,2023-12-27,2023-06-27 04:07:28,2023-11-28 00:01:11,,2023-03-02 20:50:27
3885335,2023-06-29,2023-08-29,2023-06-29 11:55:09,2023-08-30 00:14:45,,2023-09-25 21:50:29
1318174,2023-06-30,2024-07-01,2023-07-01 02:45:08,2023-07-01 02:45:08,,2023-06-18 03:15:05
3774445,2023-06-30,2024-01-01,2023-07-01 05:54:47,2023-12-06 23:08:47,2023-12-02,2023-05-31 21:24:04
137487,2023-07-04,2023-12-04,2023-07-04 08:24:34,2023-12-05 00:00:37,,2023-07-27 22:43:40
1796967,2023-07-04,2024-01-04,2023-07-04 23:38:11,2023-12-05 00:00:41,,2023-04-10 19:49:51
3396530,2023-07-05,2023-08-05,2023-07-05 08:41:09,2023-08-06 00:00:46,2023-08-02,2023-08-26 02:27:44
2530599,2023-07-05,2023-10-06,2023-07-06 02:34:59,2023-10-07 00:00:33,,2023-07-20 17:56:35
2495081,2023-07-07,2023-11-07,2023-07-07 07:51:29,2023-11-08 00:01:07,2023-10-08,2023-07-24 19:57:40
1364035,2023-07-07,2024-07-07,2023-07-07 21:46:33,2023-07-07 21:46:33,,2023-04-09 10:27:44
3985897,2023-07-07,2024-01-07,2023-07-07 23:24:08,2023-12-08 00:00:57,,2023-08-03 15:05:51
338881,2023-07-08,2023-09-08,2023-07-08 16:18:08,2023-09-09 00:00:46,2023-08-23,2023-10-16 08:20:15
4214794,2023-07-08,2023-09-09,2023-07-09 00:26:42,2023-09-10 00:00:28,,2023-11-11 22:40:07
1578375,2023-07-08,2024-07-09,2023-07-09 01:13:26,2023-07-09 01:13:26,,2023-08-23 12:02:33
3252556,2023-07-11,2023-08-11,2023-07-11 23:43:47,2023-08-12 00:00:53,,2023-02-22 10:54:38
3545586,2023-07-14,2023-09-14,2023-07-14 08:01:06,2023-09-15 00:00:28,,2023-08-22 20:45:43
4410235,2023-07-15,2023-08-15,2023-07-15 07:04:08,2023-08-16 00:01:05,2023-07-21,2023-09-19 18:52:32
3650400,2023-07-15,2023-09-16,2023-07-16 03:36:47,2023-09-17 00:00:30,,2023-05-06 16:19:53
2899104,2023-07-16,2023-08-16,2023-07-16 11:43:51,2023-08-17 00:01:33,2023-07-16,2023-10-07 22:53:27
1373787,2023-07-16,2023-09-16,2023-07-16 18:16:52,2023-09-17 00:00:38,,2023-02-26 11:06:03
3243678,2023-07-16,2023-08-17,2023-07-17 04:40:29,2023-08-18 00:02:44,2023-07-17,2023-04-01 14:03:49
3745748,2023-07-17,2024-01-17,2023-07-17 07:51:09,2023-12-18 00:00:42,,2023-03-21 16:15:41
4840056,2023-07-17,2023-08-18,2023-07-18 00:37:56,2023-08-19 00:04:13,2023-07-28,2023-04-03 17:03:29
4051035,2023-07-17,2024-07-18,2023-07-18 02:16:39,2023-07-18 02:16:39,,2022-12-23 13:21:26
2916320,2023-07-21,2024-07-21,2023-07-21 07:13:04,2023-07-21 07:13:04,,2023-09-15 18:17:12
1330094,2023-07-22,2023-08-22,2023-07-22 07:16:45,2023-08-23 00:00:47,,2023-10-05 08:55:25
2892769,2023-07-22,2023-12-22,2023-07-22 14:36:28,2023-11-23 00:00:36,,2023-09-04 08:52:53
2401477,2023-07-23,2023-12-23,2023-07-23 15:06:34,2023-12-09 09:45:39,2023-12-09,2023-09-06 07:14:57
1683023,2023-07-23,2023-08-24,2023-07-24 04:59:33,2023-08-25 00:10:35,2023-07-24,2023-06-27 16:30:23
3776145,2023-07-25,2023-09-26,2023-07-26 02:47:31,2023-09-27 00:00:37,,2023-08-21 12:15:08
2757320,2023-07-26,2024-07-26,2023-07-26 09:10:58,2023-07-26 09:10:58,,2023-10-05 20:03:48
3130824,2023-07-27,2023-08-28,2023-07-28 05:22:11,2023-08-29 00:15:34,2023-07-28,2023-08-06 03:44:07
3731540,2023-07-28,2023-09-28,2023-07-28 10:40:54,2023-09-29 00:01:06,,2023-11-05 14:34:15
427534,2023-07-28,2024-07-28,2023-07-28 19:06:36,2023-07-28 19:06:36,,2023-10-12 10:40:51
1375003,2023-07-29,2023-08-29,2023-07-29 14:30:46,2023-08-30 00:15:07,2023-08-29,2023-05-06 07:50:17
2829412,2023-08-01,2023-09-01,2023-08-01 10:51:05,2023-09-02 00:01:22,2023-08-25,2023-06-21 15:46:22
2227082,2023-08-02,2024-08-02,2023-08-02 09:11:14,2023-08-02 09:11:14,,2023-07-27 10:36:40
4958020,2023-08-02,2023-09-02,2023-08-02 19:10:16,2023-09-03 00:01:08,,2023-02-28 03:01:59
1629076,2023-08-05,2024-08-05,2023-08-05 09:46:20,2023-08-05 09:46:20,,2023-10-26 11:38:14
4611970,2023-08-09,2023-09-09,2023-08-09 22:59:56,2023-09-10 00:01:16,2023-08-09,2023-08-03 13:23:25
4143087,2023-08-10,2024-01-10,2023-08-10 22:54:28,2023-12-11 00:00:42,,2023-07-22 00:40:09
3716834,2023-08-10,2023-09-11,2023-08-11 00:17:57,2023-09-12 00:00:37,2023-08-15,2023-07-27 11:55:37
2666208,2023-08-11,2024-01-11,2023-08-11 07:36:03,2023-12-12 00:00:37,,2023-05-16 08:17:27
2758532,2023-08-11,2023-11-11,2023-08-11 11:19:25,2023-11-12 00:00:54,2023-10-13,2023-08-31 03:50:22
2803187,2023-08-15,2023-09-15,2023-08-15 20:45:13,2023-09-16 00:01:27,2023-08-15,2023-09-07 16:06:09
1142511,2023-08-16,2024-08-17,2023-08-17 04:38:20,2023-09-06 22:51:07,2023-09-06,2023-09-04 10:44:23
3535098,2023-08-16,2023-10-17,2023-08-17 05:06:58,2023-10-18 00:00:42,,2023-03-03 01:18:29
196542,2023-08-17,2024-08-17,2023-08-17 19:07:10,2023-08-17 19:07:10,,2023-04-09 08:33:07
2376362,2023-08-18,2024-08-18,2023-08-18 10:25:54,2023-08-18 10:25:54,,2023-08-30 22:37:35
2230028,2023-08-18,2024-01-18,2023-08-18 15:02:16,2023-12-19 00:00:44,,2023-08-30 01:43:04
2511737,2023-08-18,2023-10-18,2023-08-18 21:03:10,2023-10-19 00:00:45,,2023-06-08 17:23:56
1505841,2023-08-18,2023-09-18,2023-08-18 22:46:32,2023-09-19 00:00:59,,2023-11-14 06:11:48
3793251,2023-08-19,2023-08-26,2023-08-19 23:36:44,2023-08-27 00:11:59,,2023-05-05 20:17:34
3612009,2023-08-19,2023-09-20,2023-08-20 02:01:50,2023-09-21 00:01:00,,2023-02-01 21:52:30
3243678,2023-08-20,2023-10-20,2023-08-20 15:29:13,2023-10-21 00:01:46,2023-10-01,2023-04-01 14:03:49
4428990,2023-08-20,2024-08-21,2023-08-21 03:03:33,2023-08-21 03:03:33,,2023-10-02 18:44:35
4511332,2023-08-20,2023-12-21,2023-08-21 05:06:15,2023-11-22 00:01:04,,2023-03-25 16:20:05
4767594,2023-08-21,2023-12-21,2023-08-21 23:33:29,2023-11-22 00:01:20,,2023-08-07 10:26:53
1027061,2023-08-21,2023-09-22,2023-08-22 02:37:37,2023-09-24 00:01:24,,2023-09-09 21:53:06
2941503,2023-08-22,2024-08-23,2023-08-23 04:48:45,2023-08-23 04:48:45,,2023-03-07 14:42:01
3337690,2023-08-23,2023-10-23,2023-08-23 23:44:19,2023-10-24 00:01:37,,2023-03-24 20:45:07
4149715,2023-08-25,2023-11-25,2023-08-25 19:12:50,2023-11-26 00:00:43,2023-10-27,2023-09-01 08:47:25
2571830,2023-08-25,2023-12-25,2023-08-25 23:38:24,2023-11-26 00:00:51,,2023-09-09 04:16:13
973822,2023-08-26,2023-12-27,2023-08-27 01:26:46,2023-11-28 00:01:34,,2023-11-19 09:15:32
4874726,2023-08-27,2024-08-28,2023-08-28 00:37:45,2023-08-28 00:37:45,,2023-04-05 18:23:47
2724021,2023-08-28,2023-10-28,2023-08-28 21:31:41,2023-10-29 00:01:49,,2023-05-01 16:02:55
462881,2023-08-29,2023-10-29,2023-08-29 22:07:50,2023-10-30 00:01:43,2023-09-30,2023-01-16 01:00:22
1887626,2023-08-29,2023-12-30,2023-08-30 02:17:53,2023-12-01 00:01:28,,2023-08-31 20:23:49
3571556,2023-08-31,2023-12-30,2023-08-31 12:03:59,2023-12-06 14:35:51,2023-12-06,2023-10-15 08:14:38
791982,2023-09-03,2023-12-03,2023-09-03 09:15:19,2023-12-04 00:01:43,,2023-09-08 17:32:35
1683023,2023-09-03,2023-10-03,2023-09-03 23:49:13,2023-10-04 00:01:43,2023-10-03,2023-06-27 16:30:23
4051722,2023-09-03,2024-01-04,2023-09-04 03:27:24,2023-12-05 00:00:50,,2023-07-06 17:28:08
4678681,2023-09-06,2023-11-06,2023-09-06 09:24:36,2023-11-07 00:01:28,,2023-10-28 10:21:49
274288,2023-09-06,2024-01-06,2023-09-06 18:13:45,2023-12-07 00:01:15,,2023-08-24 22:18:47
4141685,2023-09-07,2024-01-08,2023-09-08 03:57:57,2023-12-09 00:00:55,,2023-10-04 16:38:37
4525983,2023-09-13,2024-09-13,2023-09-13 18:38:58,2023-09-13 18:38:58,,2023-09-25 02:16:37
3952430,2023-09-13,2024-09-14,2023-09-14 02:10:25,2023-09-14 02:10:25,,2023-07-03 22:05:29
2991263,2023-09-14,2023-11-14,2023-09-14 21:47:16,2023-11-15 00:01:12,2023-11-14,2023-09-17 06:38:27
855196,2023-09-18,2024-01-18,2023-09-18 15:05:27,2023-12-19 00:01:11,,2023-07-04 22:45:26
4764972,2023-09-18,2023-10-18,2023-09-18 21:25:15,2023-10-19 00:01:04,2023-10-09,2023-11-12 13:00:26
4117772,2023-09-19,2023-10-20,2023-09-20 06:04:42,2023-10-21 00:01:51,2023-10-15,2023-07-07 20:58:38
1894776,2023-09-20,2023-10-20,2023-09-20 11:10:08,2023-10-21 00:01:59,2023-10-20,2023-10-21 15:44:09
1430532,2023-09-20,2023-11-20,2023-09-20 13:24:26,2023-11-21 00:01:18,,2023-11-18 12:43:57
3447180,2023-09-21,2023-12-22,2023-09-22 06:01:31,2023-11-23 00:01:12,,2023-06-11 09:32:19
3146367,2023-09-22,2023-10-22,2023-09-22 07:30:22,2023-10-21 01:20:22,2023-10-21,2023-07-31 04:21:11
2829015,2023-09-22,2023-12-22,2023-09-22 23:21:27,2023-11-23 00:01:26,,2023-04-07 18:20:44
4683835,2023-09-23,2023-10-23,2023-09-23 19:42:25,2023-10-24 00:01:57,2023-10-11,2023-07-10 21:25:45
589491,2023-09-23,2023-12-24,2023-09-24 05:02:19,2023-11-25 00:01:37,,2023-01-09 21:05:33
1461956,2023-09-24,2023-12-24,2023-09-24 09:57:53,2023-11-25 00:01:56,,2023-08-07 21:14:01
4078265,2023-09-24,2023-11-24,2023-09-24 17:40:32,2023-11-25 00:02:12,2023-11-05,2022-12-29 22:15:15
4261145,2023-09-24,2024-09-24,2023-09-24 19:36:27,2023-09-24 19:36:27,,2023-08-22 11:22:32
3872145,2023-09-25,2023-12-25,2023-09-25 10:06:05,2023-11-26 00:01:32,,2023-09-10 23:53:05
1137713,2023-09-25,2024-09-25,2023-09-25 10:12:05,2023-09-25 10:12:05,,2023-07-07 10:12:57
1847695,2023-09-25,2023-10-25,2023-09-25 11:15:03,2023-10-26 00:02:03,2023-10-12,2023-04-21 03:32:15
1330094,2023-09-25,2023-11-25,2023-09-25 20:45:51,2023-11-26 00:01:52,,2023-10-05 08:55:25
3004761,2023-09-25,2023-10-26,2023-09-26 04:44:33,2023-10-27 00:01:43,2023-10-05,2023-10-25 19:04:06
4471970,2023-09-25,2023-11-26,2023-09-26 05:10:24,2023-11-27 00:01:22,2023-11-15,2023-09-25 16:26:35
4096448,2023-09-25,2023-12-26,2023-09-26 05:11:18,2023-11-27 00:01:24,,2023-07-26 03:19:54
4608647,2023-09-25,2023-12-26,2023-09-26 05:49:12,2023-11-27 00:01:30,,2023-09-07 00:13:45
3018620,2023-09-26,2023-12-27,2023-09-27 05:46:08,2023-11-28 05:48:06,2023-11-28,2023-04-29 14:30:10
4213407,2023-09-29,2023-10-29,2023-09-29 11:55:08,2023-10-30 00:02:24,2023-09-29,2023-06-05 19:24:40
2803187,2023-09-29,2023-12-29,2023-09-29 15:22:05,2023-11-30 00:01:55,,2023-09-07 16:06:09
2332150,2023-09-29,2023-11-29,2023-09-29 18:24:37,2023-11-30 00:01:59,,2023-08-20 08:47:51
2692054,2023-09-29,2024-09-29,2023-09-29 22:45:11,2023-09-29 22:45:11,,2023-08-18 17:00:25
3537060,2023-09-29,2024-09-30,2023-09-30 01:06:51,2023-09-30 01:23:17,2023-09-30,2023-04-18 10:08:54
4240460,2023-09-29,2023-12-30,2023-09-30 02:30:40,2023-12-01 00:02:33,,2023-05-29 11:02:57
4015844,2023-09-30,2024-09-30,2023-09-30 19:14:28,2023-09-30 19:14:28,,2023-05-31 15:19:44
3160744,2023-09-30,2023-12-30,2023-09-30 23:47:23,2023-12-01 00:03:12,,2023-07-09 11:24:30
2508258,2023-09-30,2024-01-01,2023-10-01 04:30:37,2023-12-02 00:01:52,,2023-05-19 02:20:22
2277331,2023-09-30,2024-01-01,2023-10-01 06:35:45,2023-12-02 00:02:05,,2023-11-14 21:30:26
2269638,2023-10-01,2024-01-02,2023-10-02 00:41:34,2023-12-03 00:02:11,,2023-04-11 11:05:22
4717501,2023-10-02,2023-12-02,2023-10-02 08:10:52,2023-12-03 00:03:03,,2023-05-02 01:46:17
2039743,2023-09-30,2023-12-30,2023-10-02 11:32:44,2023-12-01 00:03:14,,2023-09-26 06:15:24
621686,2023-10-02,2024-01-02,2023-10-02 20:05:23,2023-12-03 00:04:05,,2023-02-25 18:27:53
4026396,2023-10-03,2023-12-04,2023-10-04 06:48:46,2023-12-05 00:01:26,,2023-06-06 21:31:12
4544032,2023-10-04,2024-10-04,2023-10-04 12:23:04,2023-10-04 12:23:04,,2023-09-18 10:15:47
2853278,2023-10-04,2024-10-04,2023-10-04 13:35:34,2023-10-04 13:35:34,,2023-06-22 00:27:51
4675941,2023-10-04,2023-12-04,2023-10-04 19:41:14,2023-12-05 00:01:41,,2023-09-10 14:38:59
163232,2023-10-04,2023-11-04,2023-10-04 22:50:06,2023-11-05 00:02:18,2023-10-12,2023-11-03 04:03:20
1297680,2023-10-05,2024-01-05,2023-10-05 12:54:29,2023-12-06 00:01:38,,2023-06-19 23:21:30
2259058,2023-10-05,2024-01-05,2023-10-05 19:05:18,2023-12-06 00:01:45,,2023-11-24 08:45:16
725174,2023-10-05,2023-11-06,2023-10-06 00:53:40,2023-11-07 00:01:40,2023-10-10,2023-10-05 07:11:29
393980,2023-10-05,2023-12-06,2023-10-06 02:44:07,2023-12-07 00:01:31,,2023-10-20 05:08:24
1233364,2023-10-05,2024-01-06,2023-10-06 06:12:30,2023-12-07 00:01:40,,2023-07-28 18:13:17
2447300,2023-10-07,2024-10-07,2023-10-07 12:28:46,2023-10-07 12:28:46,,2023-04-07 11:34:01
459434,2023-10-07,2023-11-07,2023-10-07 16:50:41,2023-11-08 00:02:36,2023-11-02,2023-07-20 13:50:31
4079997,2023-10-07,2023-12-07,2023-10-07 22:43:39,2023-12-08 00:02:27,,2023-08-21 01:15:05
1918073,2023-10-07,2024-01-08,2023-10-08 03:11:47,2023-12-09 00:01:47,,2023-10-01 09:08:12
2628893,2023-10-07,2024-01-08,2023-10-08 06:32:03,2023-12-09 00:02:07,,2023-09-16 00:21:38
2059775,2023-10-07,2023-12-08,2023-10-08 06:53:27,2023-12-09 00:02:08,2023-11-12,2023-08-08 12:53:45
4248924,2023-10-08,2024-01-08,2023-10-08 10:50:52,2023-12-09 00:02:23,,2023-11-08 00:58:08
4705792,2023-10-09,2024-01-09,2023-10-09 08:29:54,2023-12-10 00:01:31,,2022-11-25 22:52:09
70671,2023-10-09,2024-01-09,2023-10-09 11:29:07,2023-12-10 00:01:45,,2023-08-29 02:55:10
338881,2023-10-09,2023-11-09,2023-10-09 17:09:04,2023-10-29 13:20:40,2023-10-29,2023-10-16 08:20:15
1639721,2023-10-09,2024-11-09,2023-10-09 17:21:05,2023-11-10 00:02:26,,2023-09-14 13:45:10
2922557,2023-10-09,2023-11-10,2023-10-10 02:28:32,2023-11-11 00:01:22,2023-10-11,2023-09-12 15:16:11
3944299,2023-10-09,2023-11-10,2023-10-10 03:07:33,2023-11-11 00:01:26,2023-10-10,2023-07-31 08:40:17
2312650,2023-10-10,2023-11-10,2023-10-10 13:07:49,2023-11-11 00:01:50,2023-11-09,2023-06-03 19:04:32
3537448,2023-10-10,2023-11-10,2023-10-10 20:58:41,2023-11-11 00:01:59,,2023-08-03 22:52:54
3790447,2023-10-10,2024-10-10,2023-10-10 22:57:56,2023-10-10 22:57:56,,2023-12-06 05:25:19
3067128,2023-10-10,2024-10-11,2023-10-11 03:21:20,2023-10-14 11:39:25,2023-10-14,2023-11-05 21:23:53
363800,2023-10-10,2024-01-11,2023-10-11 04:01:19,2023-12-12 00:01:10,,2023-10-11 21:11:34
937967,2023-10-10,2024-01-11,2023-10-11 06:17:48,2023-12-12 00:01:16,,2023-08-18 03:17:25
2813709,2023-10-11,2023-11-12,2023-10-12 05:40:09,2023-11-13 00:01:37,2023-10-12,2023-07-02 16:11:48
3365407,2023-10-13,2023-11-14,2023-10-14 00:25:18,2023-11-15 00:01:16,2023-10-14,2023-10-05 18:55:58
1592778,2023-10-15,2023-11-15,2023-10-15 10:56:18,2023-11-16 00:02:40,2023-10-28,2023-06-01 16:36:34
1027061,2023-10-15,2023-12-16,2023-10-16 01:42:35,2023-12-17 00:01:11,,2023-09-09 21:53:06
3376976,2023-10-15,2023-11-16,2023-10-16 01:44:01,2023-11-17 00:01:23,2023-10-23,2023-09-24 20:11:20
2714615,2023-10-15,2024-01-16,2023-10-16 02:13:51,2023-12-17 00:01:13,,2023-06-24 13:31:24
1135786,2023-10-16,2024-01-17,2023-10-17 05:39:21,2023-12-18 00:01:41,,2023-04-02 23:48:38
4147676,2023-10-17,2023-12-17,2023-10-17 12:57:58,2023-12-18 00:01:52,,2023-07-05 04:14:32
1835633,2023-10-19,2023-12-20,2023-10-20 02:43:12,2023-11-21 00:01:45,,2023-04-23 13:51:28
2273627,2023-10-20,2023-12-20,2023-10-20 11:27:55,2023-11-21 00:02:14,,2023-03-02 15:56:14
3501344,2023-10-20,2023-12-20,2023-10-20 15:38:05,2023-11-21 00:02:21,,2023-09-06 16:12:07
2788474,2023-10-20,2023-12-20,2023-10-20 20:40:14,2023-11-21 00:02:33,,2023-03-22 09:15:28
24591,2023-10-20,2023-12-20,2023-10-20 22:54:34,2023-11-21 00:02:43,,2023-08-18 11:37:40
3146367,2023-10-20,2023-12-21,2023-10-21 01:20:22,2023-11-22 00:01:40,,2023-07-31 04:21:11
3855899,2023-10-21,2023-11-21,2023-10-21 07:05:27,2023-11-22 00:01:58,2023-11-21,2023-10-11 06:20:12
3665662,2023-10-23,2024-10-23,2023-10-23 10:22:41,2023-10-23 10:22:41,,2023-11-14 17:33:20
1335676,2023-10-23,2023-12-23,2023-10-23 10:25:46,2023-12-11 06:11:20,2023-12-11,2023-03-13 00:56:34
4705739,2023-10-23,2023-11-23,2023-10-23 11:59:04,2023-11-24 00:02:08,2023-10-23,2023-07-19 09:22:29
2766922,2023-10-23,2023-12-24,2023-10-24 06:01:10,2023-11-25 00:02:52,,2023-09-26 04:07:46
3354458,2023-10-24,2023-11-24,2023-10-24 12:10:10,2023-11-25 00:03:06,2023-11-09,2023-05-04 12:55:53
568730,2023-10-24,2023-12-25,2023-10-25 00:56:18,2023-11-26 00:01:56,,2023-06-03 16:32:29
3608638,2023-10-24,2023-12-25,2023-10-25 03:49:17,2023-11-26 00:02:01,,2023-03-29 09:07:34
2166399,2023-10-24,2023-12-25,2023-10-25 04:57:40,2023-11-26 00:02:06,,2023-10-20 13:16:19
4683835,2023-10-25,2023-11-25,2023-10-25 21:01:22,2023-11-26 00:02:37,2023-11-20,2023-07-10 21:25:45
1384361,2023-10-27,2023-11-27,2023-10-27 10:35:48,2023-11-28 00:03:51,2023-11-27,2023-01-24 13:40:19
1847695,2023-10-27,2023-12-27,2023-10-27 15:14:56,2023-11-28 00:04:09,,2023-04-21 03:32:15
338881,2023-10-29,2023-12-29,2023-10-29 13:20:40,2023-11-30 00:02:27,,2023-10-16 08:20:15
3084295,2023-10-29,2023-11-29,2023-10-29 16:30:59,2023-11-30 00:02:44,2023-11-14,2022-12-21 15:15:16
418852,2023-10-29,2023-12-30,2023-10-30 02:02:29,2023-12-01 00:03:21,,2023-01-10 18:37:15
4773886,2023-10-29,2024-10-30,2023-10-30 03:23:02,2023-10-30 03:23:02,,2023-07-10 09:40:56
4811827,2023-10-30,2023-12-30,2023-10-30 12:26:26,2023-12-01 00:03:35,,2023-08-05 19:06:57
2401006,2023-11-01,2024-01-01,2023-11-01 08:54:10,2023-12-02 00:02:59,,2023-09-12 22:28:45
441494,2023-11-02,2024-01-02,2023-11-02 07:04:50,2023-12-03 00:04:53,,2023-05-26 23:36:38
4065681,2023-11-03,2024-11-04,2023-11-04 06:31:29,2023-11-04 06:31:29,,2023-05-30 10:16:24
1103524,2023-11-04,2024-01-05,2023-11-05 01:57:12,2023-12-06 00:02:14,,2023-02-19 20:07:44
1850161,2023-11-05,2024-01-05,2023-11-05 22:54:11,2023-12-06 00:02:52,,2023-08-08 16:45:45
3350763,2023-11-05,2024-01-06,2023-11-06 06:53:44,2023-12-07 00:02:39,,2023-07-07 11:40:42
1024108,2023-11-06,2024-01-07,2023-11-07 05:52:01,2023-12-08 00:02:35,,2023-08-12 13:56:16
3984049,2023-11-07,2024-01-07,2023-11-07 22:51:04,2023-12-08 00:03:05,,2023-05-06 04:02:44
3284370,2023-11-08,2023-12-08,2023-11-08 10:54:49,2023-12-09 00:03:40,2023-11-15,2023-11-18 10:17:10
3696531,2023-11-08,2024-01-09,2023-11-09 02:14:02,2023-12-10 00:02:12,,2023-08-26 15:28:21
4510899,2023-11-08,2024-01-09,2023-11-09 06:16:46,2023-12-10 00:02:37,,2023-07-04 15:57:36
2256976,2023-11-09,2024-11-09,2023-11-09 09:31:32,2023-11-09 09:31:32,,2023-08-02 14:19:26
2731606,2023-11-09,2024-01-09,2023-11-09 11:18:06,2023-12-10 00:02:43,,2023-09-09 16:40:18
1455213,2023-11-09,2024-01-09,2023-11-09 20:54:42,2023-12-10 00:02:58,,2023-02-21 23:35:24
2212248,2023-11-12,2024-01-12,2023-11-12 12:49:27,2023-12-13 00:02:08,,2023-03-03 21:17:38
2501158,2023-11-12,2024-01-12,2023-11-12 16:27:42,2023-12-13 00:02:10,,2023-08-13 00:01:18
246752,2023-11-14,2024-01-14,2023-11-14 09:30:49,2023-12-15 00:01:58,,2023-08-12 22:04:29
3584634,2023-11-14,2024-11-14,2023-11-14 23:33:48,2023-11-14 23:33:48,,2023-10-31 06:19:11
3072350,2023-11-15,2024-01-15,2023-11-15 23:29:19,2023-12-16 00:02:44,,2023-02-03 18:43:05
668885,2023-11-15,2024-01-16,2023-11-16 03:47:37,2023-12-18 00:02:06,,2023-04-24 17:22:09
581898,2023-11-15,2024-01-16,2023-11-16 04:54:32,2023-12-18 00:02:14,,2023-07-04 13:40:56
1399005,2023-11-15,2024-01-16,2023-11-16 06:13:39,2023-12-18 00:02:17,,2023-09-17 13:16:13
1592778,2023-11-16,2024-01-16,2023-11-16 09:23:18,2023-12-18 00:02:25,,2023-06-01 16:36:34
4611970,2023-11-16,2023-12-16,2023-11-16 11:43:09,2023-12-18 00:02:26,2023-11-16,2023-08-03 13:23:25
741192,2023-11-16,2023-12-16,2023-11-16 23:45:01,2023-12-18 00:02:42,,2023-03-02 09:01:12
2312958,2023-11-16,2024-11-17,2023-11-17 03:35:02,2023-11-17 03:35:02,,2023-08-11 07:01:06
296859,2023-11-18,2023-12-19,2023-11-19 03:41:53,2023-11-19 03:41:53,,2023-08-09 20:12:13
1747260,2023-11-19,2023-12-19,2023-11-19 23:49:27,2023-11-19 23:49:27,,2023-06-01 09:16:30
1406803,2023-11-19,2023-12-20,2023-11-20 06:49:44,2023-11-20 06:49:44,,2023-08-15 04:14:51
4375970,2023-11-20,2023-12-21,2023-11-21 06:34:19,2023-11-21 06:34:19,,2023-04-19 02:50:02
4888474,2023-11-21,2023-12-21,2023-11-21 12:38:07,2023-11-21 12:54:14,2023-11-21,2022-11-25 04:00:37
4820645,2023-11-21,2024-11-21,2023-11-21 12:57:18,2023-11-21 12:57:18,,2023-07-14 07:10:57
4449528,2023-11-21,2023-12-21,2023-11-21 13:37:39,2023-11-21 13:37:39,,2023-07-25 17:17:08
3243678,2023-11-21,2023-12-21,2023-11-21 16:22:54,2023-11-21 16:24:45,2023-11-21,2023-04-01 14:03:49
3879133,2023-11-22,2023-12-23,2023-11-23 00:34:37,2023-11-23 00:34:37,,2023-07-20 03:14:24
1872381,2023-11-23,2023-12-24,2023-11-24 06:37:56,2023-11-24 06:37:56,,2023-06-12 10:52:25
63870,2023-11-24,2023-12-25,2023-11-25 04:30:37,2023-11-25 04:30:37,,2023-09-11 18:01:24
3138692,2023-11-25,2023-12-25,2023-11-25 16:10:35,2023-11-25 16:10:35,,2023-06-09 18:28:03
1159867,2023-11-25,2023-12-25,2023-11-25 21:59:44,2023-11-25 21:59:44,,2023-05-26 16:44:10
909481,2023-11-26,2023-12-27,2023-11-27 01:46:35,2023-11-27 01:46:35,,2023-11-03 21:56:11
1328794,2023-11-26,2024-11-27,2023-11-27 05:31:48,2023-11-27 05:31:48,,2023-10-21 16:36:27
974734,2023-11-27,2023-12-28,2023-11-28 05:46:54,2023-11-28 05:46:54,,2023-05-14 11:27:31
2276913,2023-11-28,2023-12-28,2023-11-28 23:07:54,2023-11-28 23:07:54,,2023-06-02 22:39:02
911866,2023-11-28,2023-12-28,2023-11-28 23:29:31,2023-11-28 23:29:31,,2023-08-14 14:43:12
4156606,2023-11-28,2023-12-29,2023-11-29 01:31:05,2023-11-29 01:31:05,,2023-05-20 10:27:55
1199724,2023-12-01,2024-01-02,2023-12-02 05:31:49,2023-12-02 05:31:49,,2023-03-31 11:23:10
2934052,2023-12-02,2024-01-02,2023-12-02 12:31:07,2023-12-02 12:31:07,,2023-02-28 16:47:14
3282573,2023-12-02,2024-01-02,2023-12-02 14:19:37,2023-12-02 14:19:37,,2023-06-16 08:24:51
2636710,2023-12-02,2024-01-02,2023-12-02 20:53:18,2023-12-07 05:02:00,2023-12-07,2023-05-30 22:40:37
272785,2023-12-03,2024-01-03,2023-12-03 17:23:07,2023-12-17 03:41:31,2023-12-17,2023-05-14 11:36:39
2967092,2023-12-04,2024-01-04,2023-12-04 08:02:35,2023-12-04 12:04:08,2023-12-04,2023-09-24 14:37:53
2967092,2023-12-04,2024-01-04,2023-12-04 12:04:08,2023-12-10 11:50:14,2023-12-10,2023-09-24 14:37:53
1422749,2023-12-05,2024-01-06,2023-12-06 01:14:41,2023-12-06 01:14:41,,2023-06-03 05:01:44
381458,2023-12-06,2024-01-06,2023-12-06 11:27:40,2023-12-06 11:27:40,,2023-06-11 10:04:40
519593,2023-12-06,2024-12-06,2023-12-06 15:11:20,2023-12-06 15:11:20,,2023-09-10 10:31:59
2312650,2023-12-06,2024-01-06,2023-12-06 19:38:52,2023-12-06 19:38:52,,2023-06-03 19:04:32
905264,2023-12-06,2024-01-07,2023-12-07 02:01:13,2023-12-07 04:34:44,2023-12-07,2023-08-02 06:25:24
4736712,2023-12-07,2024-12-07,2023-12-07 22:18:09,2023-12-07 22:18:09,,2023-06-09 13:17:21
4884648,2023-12-07,2024-01-08,2023-12-08 00:49:15,2023-12-08 00:49:15,,2023-07-16 19:17:47
3144610,2023-12-07,2024-01-08,2023-12-08 01:16:21,2023-12-08 01:16:21,,2023-04-28 01:18:23
1840739,2023-12-09,2024-01-09,2023-12-09 08:33:22,2023-12-09 08:33:22,,2023-03-02 12:31:43
1231859,2023-12-09,2024-01-10,2023-12-10 01:20:46,2023-12-10 01:20:46,,2023-05-08 19:27:07
3411530,2023-12-10,2024-01-10,2023-12-10 07:56:25,2023-12-10 07:56:25,,2023-10-12 10:27:29
4187264,2023-12-10,2024-01-10,2023-12-10 15:58:21,2023-12-10 15:58:21,,2023-09-20 14:48:05
2154849,2023-12-10,2024-01-11,2023-12-11 01:03:21,2023-12-11 01:33:01,2023-12-11,2023-07-27 12:10:23
1641896,2023-12-10,2024-01-11,2023-12-11 06:56:04,2023-12-11 06:56:04,,2023-05-25 20:20:03
4601705,2023-12-11,2024-01-11,2023-12-11 22:35:09,2023-12-11 22:35:09,,2023-09-08 04:02:02
4764282,2023-12-12,2024-12-12,2023-12-12 08:54:28,2023-12-12 08:54:28,,2023-04-08 15:17:21
3461283,2023-12-12,2024-01-13,2023-12-13 00:38:36,2023-12-13 00:38:36,,2023-04-18 10:43:05
4842362,2023-12-12,2024-01-13,2023-12-13 05:44:05,2023-12-13 05:44:05,,2023-05-18 15:11:53
393980,2023-12-13,2024-01-13,2023-12-13 15:52:56,2023-12-13 15:52:56,,2023-10-20 05:08:24
4330266,2023-12-13,2024-01-13,2023-12-13 16:12:06,2023-12-13 16:12:06,,2023-08-03 10:11:38
519604,2023-12-13,2024-01-13,2023-12-13 22:21:50,2023-12-13 22:21:50,,2023-06-30 06:32:47
3258119,2023-12-13,2024-01-14,2023-12-14 00:20:19,2023-12-14 00:20:19,,2023-06-24 23:39:15
3043167,2023-12-14,2024-01-15,2023-12-15 04:54:48,2023-12-15 04:54:48,,2023-10-22 02:54:25
4106287,2023-12-18,2024-01-19,2023-12-19 02:35:13,2023-12-19 02:35:13,,2023-08-11 08:42:39
1957731,2023-12-18,2024-01-19,2023-12-19 06:41:05,2023-12-19 06:41:05,,2023-10-09 12:46:48
3366665,2023-12-19,2024-01-19,2023-12-19 14:05:26,2023-12-19 14:05:26,,2023-10-06 10:40:57
